account_id,customer_name,segment,outcome,shared_device_peers,distinct_in_senders_24h,rapid_outbound_amount,new_foreign_device_amount,risk_score
A001,Synthetic Customer 001,creator,benign,0,2,3621.97,0.0,15
A002,Synthetic Customer 002,retail,benign,0,2,3508.41,0.0,15
A003,Synthetic Customer 003,professional_services,benign,0,2,2920.61,0.0,14
A004,Synthetic Customer 004,marketplace,benign,0,2,3688.32,0.0,15
A005,Synthetic Customer 005,creator,benign,0,2,3389.74,0.0,15
A006,Synthetic Customer 006,retail,review_worthy,4,8,9381.87,0.0,99
A007,Synthetic Customer 007,professional_services,benign,0,2,3983.34,0.0,16
A008,Synthetic Customer 008,marketplace,benign,0,2,2738.44,0.0,13
A009,Synthetic Customer 009,creator,benign,0,2,3407.08,0.0,15
A010,Synthetic Customer 010,retail,benign,0,2,3716.9,0.0,15
A011,Synthetic Customer 011,professional_services,benign,0,2,4532.91,0.0,17
A012,Synthetic Customer 012,marketplace,review_worthy,4,8,9479.88,0.0,99
A013,Synthetic Customer 013,creator,benign,0,2,3714.62,0.0,15
A014,Synthetic Customer 014,retail,benign,0,2,3799.19,0.0,16
A015,Synthetic Customer 015,professional_services,benign,0,8,8007.13,0.0,48
A016,Synthetic Customer 016,marketplace,benign,0,2,3332.84,0.0,15
A017,Synthetic Customer 017,creator,benign,0,2,4141.9,0.0,16
A018,Synthetic Customer 018,retail,review_worthy,4,8,10715.45,0.0,100
A019,Synthetic Customer 019,professional_services,benign,0,2,3469.2,0.0,15
A020,Synthetic Customer 020,marketplace,benign,0,2,3970.35,0.0,16
A021,Synthetic Customer 021,creator,benign,0,2,2980.37,0.0,14
A022,Synthetic Customer 022,retail,benign,0,2,3736.13,0.0,15
A023,Synthetic Customer 023,professional_services,benign,0,2,4524.32,0.0,17
A024,Synthetic Customer 024,marketplace,review_worthy,4,8,10051.6,0.0,100
A025,Synthetic Customer 025,creator,benign,0,2,3570.79,0.0,15
A026,Synthetic Customer 026,retail,benign,0,2,3845.38,0.0,16
A027,Synthetic Customer 027,professional_services,benign,0,2,3785.43,0.0,16
A028,Synthetic Customer 028,marketplace,benign,0,2,3768.45,0.0,16
A029,Synthetic Customer 029,creator,benign,0,2,4759.6,0.0,18
A030,Synthetic Customer 030,retail,review_worthy,4,8,10069.24,0.0,100
A031,Synthetic Customer 031,professional_services,benign,0,2,3527.31,0.0,15
A032,Synthetic Customer 032,marketplace,benign,0,2,3382.82,0.0,15
A033,Synthetic Customer 033,creator,benign,1,2,3580.59,0.0,27
A034,Synthetic Customer 034,retail,benign,1,2,2858.1,0.0,26
A035,Synthetic Customer 035,professional_services,benign,0,2,3820.07,0.0,16
A036,Synthetic Customer 036,marketplace,benign,0,2,3670.08,0.0,15
A037,Synthetic Customer 037,creator,benign,0,2,3201.67,0.0,14
A038,Synthetic Customer 038,retail,benign,0,2,4551.2,0.0,17
A039,Synthetic Customer 039,professional_services,benign,0,2,3764.74,0.0,16
A040,Synthetic Customer 040,marketplace,benign,0,2,4021.82,0.0,16
A041,Synthetic Customer 041,creator,review_worthy,0,2,4067.85,8400.0,40
A042,Synthetic Customer 042,retail,benign,0,2,3792.77,0.0,16
A043,Synthetic Customer 043,professional_services,benign,0,2,4194.0,0.0,16
A044,Synthetic Customer 044,marketplace,benign,0,2,3310.05,0.0,15
A045,Synthetic Customer 045,creator,benign,0,2,3125.02,0.0,14
A046,Synthetic Customer 046,retail,benign,0,2,3873.86,0.0,16
A047,Synthetic Customer 047,professional_services,benign,0,2,3986.89,0.0,16
A048,Synthetic Customer 048,marketplace,benign,0,2,3266.73,0.0,15
A049,Synthetic Customer 049,creator,benign,0,2,3256.26,0.0,15
A050,Synthetic Customer 050,retail,benign,0,2,3759.72,0.0,16
A051,Synthetic Customer 051,professional_services,benign,0,2,3610.02,0.0,15
A052,Synthetic Customer 052,marketplace,review_worthy,0,2,3578.62,10500.0,45
A053,Synthetic Customer 053,creator,benign,0,2,3712.17,0.0,15
A054,Synthetic Customer 054,retail,benign,0,2,3126.81,0.0,14
A055,Synthetic Customer 055,professional_services,benign,0,2,2848.49,0.0,14
A056,Synthetic Customer 056,marketplace,benign,0,2,4053.94,0.0,16
A057,Synthetic Customer 057,creator,benign,0,2,3297.52,0.0,15
A058,Synthetic Customer 058,retail,benign,0,2,3592.89,0.0,15
A059,Synthetic Customer 059,professional_services,benign,0,2,3799.99,0.0,16
A060,Synthetic Customer 060,marketplace,benign,0,2,2915.03,0.0,14
